RG_Sample_Code,Customer_Code,Project_Code,i5_Barcode_Seq,i7_Barcode_Seq,Sequence_Name,Sequencing_Cycle,,,
MIZ_117501_P01_WA05,LL_1,MIZ_117501,GCGATCTA,CCGTGAGA,RAPiD-Genomics_HKLKGBBXX_MIZ_117501_P01_WA05_i5-509_i7-38_S4_L001_R1_001.fastq,2x150,,,
MIZ_117501_P01_WA06,LH_4,MIZ_117501,GCGATCTA,ACACGACC,RAPiD-Genomics_HKLKGBBXX_MIZ_117501_P01_WA06_i5-509_i7-74_S5_L001_R1_001.fastq,2x150,,,
MIZ_117501_P01_WA07,MH_2,MIZ_117501,GCGATCTA,AGCACCTC,RAPiD-Genomics_HKLKGBBXX_MIZ_117501_P01_WA07_i5-509_i7-77_S6_L001_R1_001.fastq,2x150,,,
MIZ_117501_P01_WA08,TL_5,MIZ_117501,GCGATCTA,AAGACGGA,RAPiD-Genomics_HKLKGBBXX_MIZ_117501_P01_WA08_i5-509_i7-16_S7_L001_R1_001.fastq,2x150,,,
MIZ_117501_P01_WA09,TL_Incu_3,MIZ_117501,GCGATCTA,CCAGTTCA,RAPiD-Genomics_HKLKGBBXX_MIZ_117501_P01_WA09_i5-509_i7-36_S8_L001_R1_001.fastq,2x150,,,
MIZ_117501_P01_WA10,TL_Incu_control_4,MIZ_117501,GCGATCTA,GGAGAACA,RAPiD-Genomics_HKLKGBBXX_MIZ_117501_P01_WA10_i5-509_i7-54_S9_L001_R1_001.fastq,2x150,,,
MIZ_117501_P01_WA11,TH_Incu_5,MIZ_117501,GCGATCTA,AGATCGCA,RAPiD-Genomics_HKLKGBBXX_MIZ_117501_P01_WA11_i5-509_i7-25_S10_L001_R1_001.fastq,2x150,,,
MIZ_117501_P01_WA12,AL_3,MIZ_117501,GCGATCTA,ACTATGCA,RAPiD-Genomics_HKLKGBBXX_MIZ_117501_P01_WA12_i5-509_i7-23_S11_L001_R1_001.fastq,2x150,,,
MIZ_117501_P01_WB05,LL_2,MIZ_117501,GCGATCTA,CGGATTGC,RAPiD-Genomics_HKLKGBBXX_MIZ_117501_P01_WB05_i5-509_i7-90_S12_L001_R1_001.fastq,2x150,,,
MIZ_117501_P01_WB06,LH_5,MIZ_117501,GCGATCTA,ACATTGGC,RAPiD-Genomics_HKLKGBBXX_MIZ_117501_P01_WB06_i5-509_i7-06_S13_L001_R1_001.fastq,2x150,,,
MIZ_117501_P01_WB07,MH_3,MIZ_117501,GCGATCTA,ATTGAGGA,RAPiD-Genomics_HKLKGBBXX_MIZ_117501_P01_WB07_i5-509_i7-29_S14_L001_R1_001.fastq,2x150,,,
MIZ_117501_P01_WB08,TH_1,MIZ_117501,GCGATCTA,GTCGTAGA,RAPiD-Genomics_HKLKGBBXX_MIZ_117501_P01_WB08_i5-509_i7-57_S15_L001_R1_001.fastq,2x150,,,
MIZ_117501_P01_WB09,TL_Incu_4,MIZ_117501,GCGATCTA,TCTTCACA,RAPiD-Genomics_HKLKGBBXX_MIZ_117501_P01_WB09_i5-509_i7-63_S16_L001_R1_001.fastq,2x150,,,
MIZ_117501_P01_WB10,TL_Incu_control_5,MIZ_117501,GCGATCTA,GGTGCGAA,RAPiD-Genomics_HKLKGBBXX_MIZ_117501_P01_WB10_i5-509_i7-55_S17_L001_R1_001.fastq,2x150,,,
MIZ_117501_P01_WB11,TH_Incu_control_1,MIZ_117501,GCGATCTA,ACCACTGT,RAPiD-Genomics_HKLKGBBXX_MIZ_117501_P01_WB11_i5-509_i7-05_S18_L001_R1_001.fastq,2x150,,,
MIZ_117501_P01_WA05,LL_1,MIZ_117501,GCGATCTA,CCGTGAGA,RAPiD-Genomics_HKLKGBBXX_MIZ_117501_P01_WA05_i5-509_i7-38_S4_L002_R1_001.fastq,2x150,,,
MIZ_117501_P01_WA06,LH_4,MIZ_117501,GCGATCTA,ACACGACC,RAPiD-Genomics_HKLKGBBXX_MIZ_117501_P01_WA06_i5-509_i7-74_S5_L002_R1_001.fastq,2x150,,,
MIZ_117501_P01_WA07,MH_2,MIZ_117501,GCGATCTA,AGCACCTC,RAPiD-Genomics_HKLKGBBXX_MIZ_117501_P01_WA07_i5-509_i7-77_S6_L002_R1_001.fastq,2x150,,,
MIZ_117501_P01_WA08,TL_5,MIZ_117501,GCGATCTA,AAGACGGA,RAPiD-Genomics_HKLKGBBXX_MIZ_117501_P01_WA08_i5-509_i7-16_S7_L002_R1_001.fastq,2x150,,,
MIZ_117501_P01_WA09,TL_Incu_3,MIZ_117501,GCGATCTA,CCAGTTCA,RAPiD-Genomics_HKLKGBBXX_MIZ_117501_P01_WA09_i5-509_i7-36_S8_L002_R1_001.fastq,2x150,,,
MIZ_117501_P01_WA10,TL_Incu_control_4,MIZ_117501,GCGATCTA,GGAGAACA,RAPiD-Genomics_HKLKGBBXX_MIZ_117501_P01_WA10_i5-509_i7-54_S9_L002_R1_001.fastq,2x150,,,
MIZ_117501_P01_WA11,TH_Incu_5,MIZ_117501,GCGATCTA,AGATCGCA,RAPiD-Genomics_HKLKGBBXX_MIZ_117501_P01_WA11_i5-509_i7-25_S10_L002_R1_001.fastq,2x150,,,
MIZ_117501_P01_WA12,AL_3,MIZ_117501,GCGATCTA,ACTATGCA,RAPiD-Genomics_HKLKGBBXX_MIZ_117501_P01_WA12_i5-509_i7-23_S11_L002_R1_001.fastq,2x150,,,
MIZ_117501_P01_WB05,LL_2,MIZ_117501,GCGATCTA,CGGATTGC,RAPiD-Genomics_HKLKGBBXX_MIZ_117501_P01_WB05_i5-509_i7-90_S12_L002_R1_001.fastq,2x150,,,
MIZ_117501_P01_WB06,LH_5,MIZ_117501,GCGATCTA,ACATTGGC,RAPiD-Genomics_HKLKGBBXX_MIZ_117501_P01_WB06_i5-509_i7-06_S13_L002_R1_001.fastq,2x150,,,
MIZ_117501_P01_WB07,MH_3,MIZ_117501,GCGATCTA,ATTGAGGA,RAPiD-Genomics_HKLKGBBXX_MIZ_117501_P01_WB07_i5-509_i7-29_S14_L002_R1_001.fastq,2x150,,,
MIZ_117501_P01_WB08,TH_1,MIZ_117501,GCGATCTA,GTCGTAGA,RAPiD-Genomics_HKLKGBBXX_MIZ_117501_P01_WB08_i5-509_i7-57_S15_L002_R1_001.fastq,2x150,,,
MIZ_117501_P01_WB09,TL_Incu_4,MIZ_117501,GCGATCTA,TCTTCACA,RAPiD-Genomics_HKLKGBBXX_MIZ_117501_P01_WB09_i5-509_i7-63_S16_L002_R1_001.fastq,2x150,,,
MIZ_117501_P01_WB10,TL_Incu_control_5,MIZ_117501,GCGATCTA,GGTGCGAA,RAPiD-Genomics_HKLKGBBXX_MIZ_117501_P01_WB10_i5-509_i7-55_S17_L002_R1_001.fastq,2x150,,,
MIZ_117501_P01_WB11,TH_Incu_control_1,MIZ_117501,GCGATCTA,ACCACTGT,RAPiD-Genomics_HKLKGBBXX_MIZ_117501_P01_WB11_i5-509_i7-05_S18_L002_R1_001.fastq,2x150,,,
MIZ_117501_P01_WB12,AL_4,MIZ_117501,GCGATCTA,ACAGATTC,RAPiD-Genomics_HJYM3BBXX_MIZ_117501_P01_WB12_i5-509_i7-75_S577_L002_R1_001.fastq,2x100,,,
MIZ_117501_P01_WC05,LL_3,MIZ_117501,GCGATCTA,ATCATTCC,RAPiD-Genomics_HJYM3BBXX_MIZ_117501_P01_WC05_i5-509_i7-81_S578_L002_R1_001.fastq,2x100,,,
MIZ_117501_P01_WC06,ML_1,MIZ_117501,GCGATCTA,ATGCCTAA,RAPiD-Genomics_HJYM3BBXX_MIZ_117501_P01_WC06_i5-509_i7-03_S579_L002_R1_001.fastq,2x100,,,
MIZ_117501_P01_WC07,MH_4,MIZ_117501,GCGATCTA,TCCGTCTA,RAPiD-Genomics_HJYM3BBXX_MIZ_117501_P01_WC07_i5-509_i7-62_S580_L002_R1_001.fastq,2x100,,,
MIZ_117501_P01_WC08,TH_2,MIZ_117501,GCGATCTA,AAGGTACA,RAPiD-Genomics_HJYM3BBXX_MIZ_117501_P01_WC08_i5-509_i7-17_S581_L002_R1_001.fastq,2x100,,,
MIZ_117501_P01_WC09,TL_Incu_5,MIZ_117501,GCGATCTA,GACAGTGC,RAPiD-Genomics_HJYM3BBXX_MIZ_117501_P01_WC09_i5-509_i7-93_S582_L002_R1_001.fastq,2x100,,,
MIZ_117501_P01_WC10,TH_Incu_1,MIZ_117501,GCGATCTA,GACTAGTA,RAPiD-Genomics_HJYM3BBXX_MIZ_117501_P01_WC10_i5-509_i7-47_S583_L002_R1_001.fastq,2x100,,,
MIZ_117501_P01_WC11,TH_Incu_control_2,MIZ_117501,GCGATCTA,AAGAGATC,RAPiD-Genomics_HJYM3BBXX_MIZ_117501_P01_WC11_i5-509_i7-70_S584_L002_R1_001.fastq,2x100,,,
MIZ_117501_P01_WC12,AL_5,MIZ_117501,GCGATCTA,CTCAATGA,RAPiD-Genomics_HJYM3BBXX_MIZ_117501_P01_WC12_i5-509_i7-43_S585_L002_R1_001.fastq,2x100,,,#NAME?
MIZ_117501_P01_WD05,LL_4,MIZ_117501,GCGATCTA,AAGGACAC,RAPiD-Genomics_HJYM3BBXX_MIZ_117501_P01_WD05_i5-509_i7-71_S586_L002_R1_001.fastq,2x100,,,
MIZ_117501_P01_WD06,ML_2,MIZ_117501,GCGATCTA,GCCACATA,RAPiD-Genomics_HJYM3BBXX_MIZ_117501_P01_WD06_i5-509_i7-50_S587_L002_R1_001.fastq,2x100,,,
MIZ_117501_P01_WD07,MH_5,MIZ_117501,GCGATCTA,CCGACAAC,RAPiD-Genomics_HJYM3BBXX_MIZ_117501_P01_WD07_i5-509_i7-86_S588_L002_R1_001.fastq,2x100,,,
MIZ_117501_P01_WD08,TH_3,MIZ_117501,GCGATCTA,ATAGCGAC,RAPiD-Genomics_HJYM3BBXX_MIZ_117501_P01_WD08_i5-509_i7-80_S589_L002_R1_001.fastq,2x100,,,
MIZ_117501_P01_WD09,TL_Incu_control_1,MIZ_117501,GCGATCTA,TGAAGAGA,RAPiD-Genomics_HJYM3BBXX_MIZ_117501_P01_WD09_i5-509_i7-64_S590_L002_R1_001.fastq,2x100,,,
MIZ_117501_P01_WD10,TH_Incu_2,MIZ_117501,GCGATCTA,CATCAAGT,RAPiD-Genomics_HJYM3BBXX_MIZ_117501_P01_WD10_i5-509_i7-08_S591_L002_R1_001.fastq,2x100,,,
MIZ_117501_P01_WD11,TH_Incu_control_3,MIZ_117501,GCGATCTA,GTCTGTCA,RAPiD-Genomics_HJYM3BBXX_MIZ_117501_P01_WD11_i5-509_i7-58_S592_L002_R1_001.fastq,2x100,,,
MIZ_117501_P01_WD12,AH_1,MIZ_117501,GCGATCTA,CGCTGATC,RAPiD-Genomics_HJYM3BBXX_MIZ_117501_P01_WD12_i5-509_i7-09_S593_L002_R1_001.fastq,2x100,,,
MIZ_117501_P01_WE05,LL_5,MIZ_117501,GCGATCTA,GAGTTAGC,RAPiD-Genomics_HJYM3BBXX_MIZ_117501_P01_WE05_i5-509_i7-94_S594_L002_R1_001.fastq,2x100,,,
MIZ_117501_P01_WE06,ML_3,MIZ_117501,GCGATCTA,CATACCAA,RAPiD-Genomics_HJYM3BBXX_MIZ_117501_P01_WE06_i5-509_i7-35_S595_L002_R1_001.fastq,2x100,,,
MIZ_117501_P01_WE07,TL_1,MIZ_117501,GCGATCTA,CTGAGCCA,RAPiD-Genomics_HJYM3BBXX_MIZ_117501_P01_WE07_i5-509_i7-44_S596_L002_R1_001.fastq,2x100,,,
MIZ_117501_P01_WE08,TH_4,MIZ_117501,GCGATCTA,AGTGGTCA,RAPiD-Genomics_HJYM3BBXX_MIZ_117501_P01_WE08_i5-509_i7-04_S597_L002_R1_001.fastq,2x100,,,
MIZ_117501_P01_WE09,TL_Incu_control_2,MIZ_117501,GCGATCTA,AGAGTCAA,RAPiD-Genomics_HJYM3BBXX_MIZ_117501_P01_WE09_i5-509_i7-24_S598_L002_R1_001.fastq,2x100,,,
MIZ_117501_P01_WE10,TH_Incu_3,MIZ_117501,GCGATCTA,TATCAGCA,RAPiD-Genomics_HJYM3BBXX_MIZ_117501_P01_WE10_i5-509_i7-61_S599_L002_R1_001.fastq,2x100,,,
MIZ_117501_P01_WE11,TH_Incu_control_4,MIZ_117501,GCGATCTA,AACAACCA,RAPiD-Genomics_HJYM3BBXX_MIZ_117501_P01_WE11_i5-509_i7-13_S600_L002_R1_001.fastq,2x100,,,
MIZ_117501_P01_WE12,AH_2,MIZ_117501,GCGATCTA,AGATGTAC,RAPiD-Genomics_HJYM3BBXX_MIZ_117501_P01_WE12_i5-509_i7-76_S601_L002_R1_001.fastq,2x100,,,
MIZ_117501_P01_WF05,LH_1,MIZ_117501,GCGATCTA,GAACAGGC,RAPiD-Genomics_HJYM3BBXX_MIZ_117501_P01_WF05_i5-509_i7-92_S602_L002_R1_001.fastq,2x100,,,
MIZ_117501_P01_WF06,ML_4,MIZ_117501,GCGATCTA,TAGGATGA,RAPiD-Genomics_HJYM3BBXX_MIZ_117501_P01_WF06_i5-509_i7-60_S603_L002_R1_001.fastq,2x100,,,
MIZ_117501_P01_WF07,TL_2,MIZ_117501,GCGATCTA,CACTTCGA,RAPiD-Genomics_HJYM3BBXX_MIZ_117501_P01_WF07_i5-509_i7-33_S604_L002_R1_001.fastq,2x100,,,
MIZ_117501_P01_WF08,TH_5,MIZ_117501,GCGATCTA,GCTCGGTA,RAPiD-Genomics_HJYM3BBXX_MIZ_117501_P01_WF08_i5-509_i7-53_S605_L002_R1_001.fastq,2x100,,,
MIZ_117501_P01_WF09,TL_Incu_control_3,MIZ_117501,GCGATCTA,GAATCTGA,RAPiD-Genomics_HJYM3BBXX_MIZ_117501_P01_WF09_i5-509_i7-46_S606_L002_R1_001.fastq,2x100,,,
MIZ_117501_P01_WF10,TH_Incu_4,MIZ_117501,GCGATCTA,AGCAGGAA,RAPiD-Genomics_HJYM3BBXX_MIZ_117501_P01_WF10_i5-509_i7-26_S607_L002_R1_001.fastq,2x100,,,
MIZ_117501_P01_WF11,TH_Incu_control_5,MIZ_117501,GCGATCTA,GCGAGTAA,RAPiD-Genomics_HJYM3BBXX_MIZ_117501_P01_WF11_i5-509_i7-51_S608_L002_R1_001.fastq,2x100,,,
MIZ_117501_P01_WF12,AH_3,MIZ_117501,GCGATCTA,TGGCTTCA,RAPiD-Genomics_HJYM3BBXX_MIZ_117501_P01_WF12_i5-509_i7-66_S609_L002_R1_001.fastq,2x100,,,
MIZ_117501_P01_WG05,LH_2,MIZ_117501,GCGATCTA,AACTCACC,RAPiD-Genomics_HJYM3BBXX_MIZ_117501_P01_WG05_i5-509_i7-69_S610_L002_R1_001.fastq,2x100,,,
MIZ_117501_P01_WG06,ML_5,MIZ_117501,GCGATCTA,AACCGAGA,RAPiD-Genomics_HJYM3BBXX_MIZ_117501_P01_WG06_i5-509_i7-14_S611_L002_R1_001.fastq,2x100,,,
MIZ_117501_P01_WG07,TL_3,MIZ_117501,GCGATCTA,ACACAGAA,RAPiD-Genomics_HJYM3BBXX_MIZ_117501_P01_WG07_i5-509_i7-18_S612_L002_R1_001.fastq,2x100,,,
MIZ_117501_P01_WG08,TL_Incu_1,MIZ_117501,GCGATCTA,TTCACGCA,RAPiD-Genomics_HJYM3BBXX_MIZ_117501_P01_WG08_i5-509_i7-68_S613_L002_R1_001.fastq,2x100,,,
MIZ_117501_P01_WG11,AL_1,MIZ_117501,GCGATCTA,GCCAAGAC,RAPiD-Genomics_HJYM3BBXX_MIZ_117501_P01_WG11_i5-509_i7-96_S614_L002_R1_001.fastq,2x100,,,
MIZ_117501_P01_WG12,AH_4,MIZ_117501,GCGATCTA,CGCATACA,RAPiD-Genomics_HJYM3BBXX_MIZ_117501_P01_WG12_i5-509_i7-42_S615_L002_R1_001.fastq,2x100,,,
MIZ_117501_P01_WH05,LH_3,MIZ_117501,GCGATCTA,AACGCTTA,RAPiD-Genomics_HJYM3BBXX_MIZ_117501_P01_WH05_i5-509_i7-15_S616_L002_R1_001.fastq,2x100,,,
MIZ_117501_P01_WH06,MH_1,MIZ_117501,GCGATCTA,GATAGACA,RAPiD-Genomics_HJYM3BBXX_MIZ_117501_P01_WH06_i5-509_i7-49_S617_L002_R1_001.fastq,2x100,,,
MIZ_117501_P01_WH07,TL_4,MIZ_117501,GCGATCTA,AACGTGAT,RAPiD-Genomics_HJYM3BBXX_MIZ_117501_P01_WH07_i5-509_i7-01_S618_L002_R1_001.fastq,2x100,,,
MIZ_117501_P01_WH08,TL_Incu_2,MIZ_117501,GCGATCTA,CCATCCTC,RAPiD-Genomics_HJYM3BBXX_MIZ_117501_P01_WH08_i5-509_i7-85_S619_L002_R1_001.fastq,2x100,,,
MIZ_117501_P01_WH11,AL_2,MIZ_117501,GCGATCTA,GATGAATC,RAPiD-Genomics_HJYM3BBXX_MIZ_117501_P01_WH11_i5-509_i7-95_S620_L002_R1_001.fastq,2x100,,,
MIZ_117501_P01_WH12,AH_5,MIZ_117501,GCGATCTA,GTACGCAA,RAPiD-Genomics_HJYM3BBXX_MIZ_117501_P01_WH12_i5-509_i7-56_S621_L002_R1_001.fastq,2x100,,,
MIZ_117501_P01_WB12,AL_4,MIZ_117501,GCGATCTA,ACAGATTC,RAPiD-Genomics_HJYM3BBXX_MIZ_117501_P01_WB12_i5-_i7-75_S622_L003_R1_001.fastq,2x100,,,
MIZ_117501_P01_WC05,LL_3,MIZ_117501,GCGATCTA,ATCATTCC,RAPiD-Genomics_HJYM3BBXX_MIZ_117501_P01_WC05_i5-_i7-81_S623_L003_R1_001.fastq,2x100,,,
MIZ_117501_P01_WC06,ML_1,MIZ_117501,GCGATCTA,ATGCCTAA,RAPiD-Genomics_HJYM3BBXX_MIZ_117501_P01_WC06_i5-_i7-03_S624_L003_R1_001.fastq,2x100,,,
MIZ_117501_P01_WC07,MH_4,MIZ_117501,GCGATCTA,TCCGTCTA,RAPiD-Genomics_HJYM3BBXX_MIZ_117501_P01_WC07_i5-_i7-62_S625_L003_R1_001.fastq,2x100,,,
MIZ_117501_P01_WC08,TH_2,MIZ_117501,GCGATCTA,AAGGTACA,RAPiD-Genomics_HJYM3BBXX_MIZ_117501_P01_WC08_i5-_i7-17_S626_L003_R1_001.fastq,2x100,,,
MIZ_117501_P01_WC09,TL_Incu_5,MIZ_117501,GCGATCTA,GACAGTGC,RAPiD-Genomics_HJYM3BBXX_MIZ_117501_P01_WC09_i5-_i7-93_S627_L003_R1_001.fastq,2x100,,,
MIZ_117501_P01_WC10,TH_Incu_1,MIZ_117501,GCGATCTA,GACTAGTA,RAPiD-Genomics_HJYM3BBXX_MIZ_117501_P01_WC10_i5-_i7-47_S628_L003_R1_001.fastq,2x100,,,
MIZ_117501_P01_WC11,TH_Incu_control_2,MIZ_117501,GCGATCTA,AAGAGATC,RAPiD-Genomics_HJYM3BBXX_MIZ_117501_P01_WC11_i5-_i7-70_S629_L003_R1_001.fastq,2x100,,,
MIZ_117501_P01_WC12,AL_5,MIZ_117501,GCGATCTA,CTCAATGA,RAPiD-Genomics_HJYM3BBXX_MIZ_117501_P01_WC12_i5-_i7-43_S630_L003_R1_001.fastq,2x100,,,
MIZ_117501_P01_WD05,LL_4,MIZ_117501,GCGATCTA,AAGGACAC,RAPiD-Genomics_HJYM3BBXX_MIZ_117501_P01_WD05_i5-_i7-71_S631_L003_R1_001.fastq,2x100,,,
MIZ_117501_P01_WD06,ML_2,MIZ_117501,GCGATCTA,GCCACATA,RAPiD-Genomics_HJYM3BBXX_MIZ_117501_P01_WD06_i5-_i7-50_S632_L003_R1_001.fastq,2x100,,,
MIZ_117501_P01_WD07,MH_5,MIZ_117501,GCGATCTA,CCGACAAC,RAPiD-Genomics_HJYM3BBXX_MIZ_117501_P01_WD07_i5-_i7-86_S633_L003_R1_001.fastq,2x100,,,
MIZ_117501_P01_WD08,TH_3,MIZ_117501,GCGATCTA,ATAGCGAC,RAPiD-Genomics_HJYM3BBXX_MIZ_117501_P01_WD08_i5-_i7-80_S634_L003_R1_001.fastq,2x100,,,
MIZ_117501_P01_WD09,TL_Incu_control_1,MIZ_117501,GCGATCTA,TGAAGAGA,RAPiD-Genomics_HJYM3BBXX_MIZ_117501_P01_WD09_i5-_i7-64_S635_L003_R1_001.fastq,2x100,,,
MIZ_117501_P01_WD10,TH_Incu_2,MIZ_117501,GCGATCTA,CATCAAGT,RAPiD-Genomics_HJYM3BBXX_MIZ_117501_P01_WD10_i5-_i7-08_S636_L003_R1_001.fastq,2x100,,,
MIZ_117501_P01_WD11,TH_Incu_control_3,MIZ_117501,GCGATCTA,GTCTGTCA,RAPiD-Genomics_HJYM3BBXX_MIZ_117501_P01_WD11_i5-_i7-58_S637_L003_R1_001.fastq,2x100,,,
MIZ_117501_P01_WD12,AH_1,MIZ_117501,GCGATCTA,CGCTGATC,RAPiD-Genomics_HJYM3BBXX_MIZ_117501_P01_WD12_i5-_i7-09_S638_L003_R1_001.fastq,2x100,,,
MIZ_117501_P01_WE05,LL_5,MIZ_117501,GCGATCTA,GAGTTAGC,RAPiD-Genomics_HJYM3BBXX_MIZ_117501_P01_WE05_i5-_i7-94_S639_L003_R1_001.fastq,2x100,,,
MIZ_117501_P01_WE06,ML_3,MIZ_117501,GCGATCTA,CATACCAA,RAPiD-Genomics_HJYM3BBXX_MIZ_117501_P01_WE06_i5-_i7-35_S640_L003_R1_001.fastq,2x100,,,
MIZ_117501_P01_WE07,TL_1,MIZ_117501,GCGATCTA,CTGAGCCA,RAPiD-Genomics_HJYM3BBXX_MIZ_117501_P01_WE07_i5-_i7-44_S641_L003_R1_001.fastq,2x100,,,
MIZ_117501_P01_WE08,TH_4,MIZ_117501,GCGATCTA,AGTGGTCA,RAPiD-Genomics_HJYM3BBXX_MIZ_117501_P01_WE08_i5-_i7-04_S642_L003_R1_001.fastq,2x100,,,
MIZ_117501_P01_WE09,TL_Incu_control_2,MIZ_117501,GCGATCTA,AGAGTCAA,RAPiD-Genomics_HJYM3BBXX_MIZ_117501_P01_WE09_i5-_i7-24_S643_L003_R1_001.fastq,2x100,,,
MIZ_117501_P01_WE10,TH_Incu_3,MIZ_117501,GCGATCTA,TATCAGCA,RAPiD-Genomics_HJYM3BBXX_MIZ_117501_P01_WE10_i5-_i7-61_S644_L003_R1_001.fastq,2x100,,,
MIZ_117501_P01_WE11,TH_Incu_control_4,MIZ_117501,GCGATCTA,AACAACCA,RAPiD-Genomics_HJYM3BBXX_MIZ_117501_P01_WE11_i5-_i7-13_S645_L003_R1_001.fastq,2x100,,,
MIZ_117501_P01_WE12,AH_2,MIZ_117501,GCGATCTA,AGATGTAC,RAPiD-Genomics_HJYM3BBXX_MIZ_117501_P01_WE12_i5-_i7-76_S646_L003_R1_001.fastq,2x100,,,
MIZ_117501_P01_WF05,LH_1,MIZ_117501,GCGATCTA,GAACAGGC,RAPiD-Genomics_HJYM3BBXX_MIZ_117501_P01_WF05_i5-_i7-92_S647_L003_R1_001.fastq,2x100,,,
MIZ_117501_P01_WF06,ML_4,MIZ_117501,GCGATCTA,TAGGATGA,RAPiD-Genomics_HJYM3BBXX_MIZ_117501_P01_WF06_i5-_i7-60_S648_L003_R1_001.fastq,2x100,,,
MIZ_117501_P01_WF07,TL_2,MIZ_117501,GCGATCTA,CACTTCGA,RAPiD-Genomics_HJYM3BBXX_MIZ_117501_P01_WF07_i5-_i7-33_S649_L003_R1_001.fastq,2x100,,,
MIZ_117501_P01_WF08,TH_5,MIZ_117501,GCGATCTA,GCTCGGTA,RAPiD-Genomics_HJYM3BBXX_MIZ_117501_P01_WF08_i5-_i7-53_S650_L003_R1_001.fastq,2x100,,,
MIZ_117501_P01_WF09,TL_Incu_control_3,MIZ_117501,GCGATCTA,GAATCTGA,RAPiD-Genomics_HJYM3BBXX_MIZ_117501_P01_WF09_i5-_i7-46_S651_L003_R1_001.fastq,2x100,,,
MIZ_117501_P01_WF10,TH_Incu_4,MIZ_117501,GCGATCTA,AGCAGGAA,RAPiD-Genomics_HJYM3BBXX_MIZ_117501_P01_WF10_i5-_i7-26_S652_L003_R1_001.fastq,2x100,,,
MIZ_117501_P01_WF11,TH_Incu_control_5,MIZ_117501,GCGATCTA,GCGAGTAA,RAPiD-Genomics_HJYM3BBXX_MIZ_117501_P01_WF11_i5-_i7-51_S653_L003_R1_001.fastq,2x100,,,
MIZ_117501_P01_WF12,AH_3,MIZ_117501,GCGATCTA,TGGCTTCA,RAPiD-Genomics_HJYM3BBXX_MIZ_117501_P01_WF12_i5-_i7-66_S654_L003_R1_001.fastq,2x100,,,
MIZ_117501_P01_WG05,LH_2,MIZ_117501,GCGATCTA,AACTCACC,RAPiD-Genomics_HJYM3BBXX_MIZ_117501_P01_WG05_i5-_i7-69_S655_L003_R1_001.fastq,2x100,,,
MIZ_117501_P01_WG06,ML_5,MIZ_117501,GCGATCTA,AACCGAGA,RAPiD-Genomics_HJYM3BBXX_MIZ_117501_P01_WG06_i5-_i7-14_S656_L003_R1_001.fastq,2x100,,,
MIZ_117501_P01_WG07,TL_3,MIZ_117501,GCGATCTA,ACACAGAA,RAPiD-Genomics_HJYM3BBXX_MIZ_117501_P01_WG07_i5-_i7-18_S657_L003_R1_001.fastq,2x100,,,
MIZ_117501_P01_WG08,TL_Incu_1,MIZ_117501,GCGATCTA,TTCACGCA,RAPiD-Genomics_HJYM3BBXX_MIZ_117501_P01_WG08_i5-_i7-68_S658_L003_R1_001.fastq,2x100,,,
MIZ_117501_P01_WG11,AL_1,MIZ_117501,GCGATCTA,GCCAAGAC,RAPiD-Genomics_HJYM3BBXX_MIZ_117501_P01_WG11_i5-_i7-96_S659_L003_R1_001.fastq,2x100,,,
MIZ_117501_P01_WG12,AH_4,MIZ_117501,GCGATCTA,CGCATACA,RAPiD-Genomics_HJYM3BBXX_MIZ_117501_P01_WG12_i5-_i7-42_S660_L003_R1_001.fastq,2x100,,,
MIZ_117501_P01_WH05,LH_3,MIZ_117501,GCGATCTA,AACGCTTA,RAPiD-Genomics_HJYM3BBXX_MIZ_117501_P01_WH05_i5-_i7-15_S661_L003_R1_001.fastq,2x100,,,
MIZ_117501_P01_WH06,MH_1,MIZ_117501,GCGATCTA,GATAGACA,RAPiD-Genomics_HJYM3BBXX_MIZ_117501_P01_WH06_i5-_i7-49_S662_L003_R1_001.fastq,2x100,,,
MIZ_117501_P01_WH07,TL_4,MIZ_117501,GCGATCTA,AACGTGAT,RAPiD-Genomics_HJYM3BBXX_MIZ_117501_P01_WH07_i5-_i7-01_S663_L003_R1_001.fastq,2x100,,,
MIZ_117501_P01_WH08,TL_Incu_2,MIZ_117501,GCGATCTA,CCATCCTC,RAPiD-Genomics_HJYM3BBXX_MIZ_117501_P01_WH08_i5-_i7-85_S664_L003_R1_001.fastq,2x100,,,
MIZ_117501_P01_WH11,AL_2,MIZ_117501,GCGATCTA,GATGAATC,RAPiD-Genomics_HJYM3BBXX_MIZ_117501_P01_WH11_i5-_i7-95_S665_L003_R1_001.fastq,2x100,,,
MIZ_117501_P01_WH12,AH_5,MIZ_117501,GCGATCTA,GTACGCAA,RAPiD-Genomics_HJYM3BBXX_MIZ_117501_P01_WH12_i5-_i7-56_S666_L003_R1_001.fastq,2x100,,,
