Samples ,Dicription 
LL_1,Learning Low 1
LL_2,Learning Low 2
LL_3,Learning Low 3
LL_4,Learning Low 4
LL_5,Learning Low 5
LH_1,Leanring High 1
LH_2,Leanring High 2
LH_3,Leanring High 3
LH_4,Leanring High 4
LH_5,Leanring High 5
ML_1,Memory Low 1
ML_2,Memory Low 2
ML_3,Memory Low 3
ML_4,Memory Low 4
ML_5,Memory Low 5
TL_1,Thermal Tolerance Low 1
TL_2,Thermal Tolerance Low 2
TL_3,Thermal Tolerance Low 3
TL_4,Thermal Tolerance Low 4
TL_5,Thermal Tolerance Low 5
TH_1,Thermal Tolerance High 1
TH_2,Thermal Tolerance High 2
TH_3,Thermal Tolerance High 3
TH_4,Thermal Tolerance High 4
TH_5,Thermal Tolerance High 5
TL_Incu_1,Thermal Tolerance Low Incubated  1
TL_Incu_2,Thermal Tolerance Low Incubated  2
TL_Incu_3,Thermal Tolerance Low Incubated  3
TL_Incu_4,Thermal Tolerance Low Incubated  4
TL_Incu_5,Thermal Tolerance Low Incubated  5
TH_Incu_1,Thermal Tolerance High Incubated 1
TH_Incu_2,Thermal Tolerance High Incubated 2
TH_Incu_3,Thermal Tolerance High Incubated 3
TH_Incu_4,Thermal Tolerance High Incubated 4
TH_Incu_5,Thermal Tolerance High Incubated 5
TL_Incu_control_1,Thermal Tolerance Low Incubated control   1
TL_Incu_control_2,Thermal Tolerance Low Incubated control   2
TL_Incu_control_3,Thermal Tolerance Low Incubated control   3
TL_Incu_control_4,Thermal Tolerance Low Incubated control   4
TL_Incu_control_5,Thermal Tolerance Low Incubated control   5
TL_Incu_control_1,Thermal Tolerance High Incubated control   1
TL_Incu_control_2,Thermal Tolerance High Incubated control   2
TL_Incu_control_3,Thermal Tolerance High Incubated control   3
TL_Incu_control_4,Thermal Tolerance High Incubated control   4
TL_Incu_control_5,Thermal Tolerance High Incubated control   5
AL_1,Acitivty Low 1
AL_2,Acitivty Low 2
AL_3,Acitivty Low 3
AL_4,Acitivty Low 4
AL_5,Acitivty Low 5
AH_1,Acitivty High 1
AH_3,Acitivty High 3
,
,
,
,
,
,
,
,
,
